Date,Clicks,Impressions,CTR,Position
2026-07-28,0,26,0%,7
2026-07-29,0,13,0%,4.5
2026-07-30,3,22,13.64%,6.6
2026-07-31,0,13,0%,8.7
2026-08-01,0,21,0%,9.2
2026-08-02,0,13,0%,5.8
2026-08-03,1,35,2.86%,6.2
2026-08-04,0,22,0%,7
2026-08-05,0,27,0%,5.6
2026-08-06,0,22,0%,4.8
2026-08-07,0,21,0%,4.1
2026-08-08,0,13,0%,7.8
2026-08-09,0,22,0%,8.4
2026-08-10,0,24,0%,7.2
2026-08-11,2,15,13.33%,4.7
2026-08-12,0,17,0%,3.6
2026-08-13,0,18,0%,5.1
2026-08-14,0,21,0%,5.1
2026-08-15,1,15,6.67%,4.7
2026-08-16,0,26,0%,5.5
2026-08-17,0,18,0%,9.7
2026-08-18,3,57,5.26%,4.6
2026-08-19,0,27,0%,8.5
2026-08-20,1,23,4.35%,5.8
2026-08-21,0,28,0%,5.2
2026-08-22,0,20,0%,3.5
2026-08-23,2,20,10%,9.6
2026-08-24,0,23,0%,5.2
2026-08-25,2,33,6.06%,4.5
2026-08-26,2,26,7.69%,2.7
2026-08-27,5,48,10.42%,7.4
2026-08-28,2,16,12.5%,4.6
2026-08-29,0,20,0%,11.7
2026-08-30,3,30,10%,3.2
2026-08-31,2,35,5.71%,4.4
2026-09-01,2,31,6.45%,7.6
2026-09-02,2,33,6.06%,6.7
2026-09-03,4,38,10.53%,6.4
2026-09-04,1,15,6.67%,3.5
2026-09-05,1,25,4%,1.5
2026-09-06,1,18,5.56%,4.4
2026-09-07,4,32,12.5%,4.1
2026-09-08,1,21,4.76%,4.2
2026-09-09,0,25,0%,3.5
2026-09-10,7,36,19.44%,8.2
2026-09-11,0,29,0%,4.3
2026-09-12,0,23,0%,5.2
2026-09-13,0,12,0%,7.7
2026-09-14,0,27,0%,4.7
2026-09-15,1,28,3.57%,8.4
2026-09-16,0,18,0%,4.1
2026-09-17,0,36,0%,7.1
2026-09-18,1,36,2.78%,6.3
2026-09-19,1,19,5.26%,9.7
2026-09-20,4,36,11.11%,4.4
2026-09-21,3,35,8.57%,5.8
2026-09-22,1,42,2.38%,6.1
2026-09-23,1,38,2.63%,13
2026-09-24,0,81,0%,8
2026-09-25,3,114,2.63%,6.8
2026-09-26,1,83,1.2%,7.8