Country,Clicks,Impressions,CTR,Position
India,64,1468,4.36%,5.98
United Kingdom,2,23,8.7%,21.04
Australia,2,14,14.29%,7.14
United States,0,109,0%,7.03
Brazil,0,16,0%,4.25
Canada,0,12,0%,6.08
Germany,0,7,0%,7.43
Ukraine,0,6,0%,4.17
Spain,0,6,0%,5.83
United Arab Emirates,0,6,0%,6.33
Indonesia,0,6,0%,9.33
Netherlands,0,5,0%,7.4
Bangladesh,0,4,0%,3
France,0,4,0%,5.25
Mexico,0,4,0%,5.25
Russia,0,3,0%,4.67
Pakistan,0,3,0%,5.67
Austria,0,3,0%,10
Singapore,0,3,0%,13.33
Kazakhstan,0,2,0%,1
Lebanon,0,2,0%,1
Italy,0,2,0%,2
Hong Kong,0,2,0%,3
Argentina,0,2,0%,3.5
Peru,0,2,0%,4.5
Sweden,0,2,0%,5
Chile,0,2,0%,5.5
Colombia,0,2,0%,5.5
Greece,0,2,0%,5.5
Kenya,0,2,0%,6
Japan,0,2,0%,7.5
Nepal,0,2,0%,9.5
Hungary,0,1,0%,1
Ireland,0,1,0%,1
Kuwait,0,1,0%,1
Bulgaria,0,1,0%,2
South Korea,0,1,0%,2
Portugal,0,1,0%,2
Palestine,0,1,0%,3
Czechia,0,1,0%,4
Denmark,0,1,0%,4
Poland,0,1,0%,4
Syria,0,1,0%,4
Belgium,0,1,0%,5
Morocco,0,1,0%,5
Senegal,0,1,0%,5
Thailand,0,1,0%,5
Tanzania,0,1,0%,5
Congo - Kinshasa,0,1,0%,6
Iraq,0,1,0%,6
Belarus,0,1,0%,7
Nigeria,0,1,0%,7
Philippines,0,1,0%,7
Mongolia,0,1,0%,8
Serbia,0,1,0%,8
South Africa,0,1,0%,8
China,0,1,0%,9
Honduras,0,1,0%,9
Malaysia,0,1,0%,9
Rwanda,0,1,0%,10
Egypt,0,1,0%,11
Uganda,0,1,0%,11
Vietnam,0,1,0%,18
New Zealand,0,1,0%,20
Ecuador,0,1,0%,43