Top pages,Clicks,Impressions,CTR,Position
https://drniharmodi.com/,63,1481,4.25%,5.75
https://drniharmodi.com/about,3,44,6.82%,4.27
https://drniharmodi.com/gallery,1,156,0.64%,9.98
https://drniharmodi.com/contact,1,114,0.88%,9.15
https://drniharmodi.com/procedures,1,103,0.97%,9.54
https://drniharmodi.com/procedures/arthroscopy-surgeon-mumbai,1,9,11.11%,10.22
https://drniharmodi.com/shorts,1,5,20%,19
https://drniharmodi.com/blog/hip-labral-tears-and-fai-in-athletes,0,54,0%,7.07
https://drniharmodi.com/blog/ankle-sprains-grades-treatment-prevention,0,39,0%,5.9
https://drniharmodi.com/blog/complete-guide-to-sports-injury-prevention,0,37,0%,5.16
https://drniharmodi.com/blog/achilles-tendon-injuries-what-patients-need-to-know,0,35,0%,5.2
https://drniharmodi.com/testimonials,0,30,0%,8.63
https://drniharmodi.com/blog/acl-tear-symptoms-diagnosis-treatment,0,28,0%,15.07
https://drniharmodi.com/blog/non-surgical-options-for-shoulder-pain,0,21,0%,16.19
https://drniharmodi.com/blog/meniscus-tear-guide-for-active-patients,0,13,0%,4.08
https://drniharmodi.com/conditions,0,10,0%,10
https://drniharmodi.com/faqs,0,7,0%,13.57
https://drniharmodi.com/blog/understanding-common-sports-knee-injuries,0,7,0%,55.29
https://drniharmodi.com/blog/when-to-see-orthopaedic-sports-surgeon,0,3,0%,1.67
https://drniharmodi.com/procedures/tendon-repair-mumbai,0,3,0%,25
https://drniharmodi.com/blog/rotator-cuff-injuries-in-sports,0,2,0%,7.5
https://drniharmodi.com/conditions/joint-replacement-surgery,0,2,0%,28
https://drniharmodi.com/procedures/cartilage-restoration-mumbai,0,1,0%,8