Top queries,Clicks,Impressions,CTR,Position
dr nihar modi,25,245,10.2%,4.67
dr. nihar modi - sports orthopaedic surgeon mumbai,5,62,8.06%,1.21
nihar modi,4,86,4.65%,3.52
orthopedic doctor in santacruz west,2,4,50%,9
orthopedic doctor near me,1,44,2.27%,5.68
orthopedic doctor mumbai,1,11,9.09%,15
nirav modi,0,37,0%,7.43
bone doctor near me,0,12,0%,1.33
aclt tear diagnosis,0,12,0%,10.25
nihar,0,10,0%,3.6
orthopedic doctor bandra,0,9,0%,14.78
acl tear symptoms,0,8,0%,16.5
dr modi orthopedic,0,7,0%,1
ortho doctor near me,0,7,0%,4
bone doctor,0,7,0%,6.71
orthopedic doctor in santacruz,0,7,0%,7
orthopedic doctor in santacruz east,0,7,0%,7.71
orthopedic doctor santacruz east,0,7,0%,11.86
dr nihar,0,6,0%,1.17
doctor near me,0,6,0%,14.67
orthopaedic doctors near me,0,5,0%,1.2
dr nihar desai,0,5,0%,1.6
near orthopaedic doctor,0,5,0%,5.4
orthopedic near me,0,4,0%,1.75
orthopaedic,0,4,0%,2
"rehab exercises for common running injuries,treatment & injury 
(expanded),informational / treatment",0,4,0%,3
orthopedic,0,4,0%,4.25
sports knee injuries,0,4,0%,89.5
dr pereira orthopedic surgeon,0,3,0%,1
ortho near me,0,3,0%,1.67
nihar tel,0,3,0%,4.33
orthopedic doctor for hands near me,0,3,0%,6
sports orthopedic doctor near me,0,3,0%,41
dr modi,0,2,0%,1
haddi doctor near me,0,2,0%,1
modi sports,0,2,0%,1
orthopedic doctor near me with fees,0,2,0%,1
sports orthopedic doctor,0,2,0%,1.5
bone pain doctor near me,0,2,0%,2
knee pain doctor near me,0,2,0%,2
nihar doctor,0,2,0%,2
orthopaedic near me,0,2,0%,4
orthopedic doctor,0,2,0%,4.5
where is nirav modi,0,2,0%,6
arthroscopy surgeon in mumbai,0,2,0%,9
best orthopedic doctor near me,0,2,0%,10
joint replacement surgeons near me,0,2,0%,10
orthopedic doctor santacruz west,0,2,0%,11
orthopedic hospital near me,0,2,0%,11
orthopedic mumbai,0,2,0%,14.5
shoulder dislocation treatment in mumbai,0,2,0%,21
orthopedic doctor in bandra,0,2,0%,23.5
shoulder pain treatment without surgery,0,2,0%,28
acl tear,0,2,0%,33.5
near orthopedic doctor,0,2,0%,36.5
doctor for hip pain near me,0,1,0%,1
dr modi surgeon,0,1,0%,1
dr orthopedic,0,1,0%,1
haddi wale doctor near me,0,1,0%,1
hadi doctor near me,0,1,0%,1
hand orthopedic doctor near me,0,1,0%,1
lady orthopedic doctor near me,0,1,0%,1
modi orthopedic,0,1,0%,1
near bone doctor,0,1,0%,1
nihar desai,0,1,0%,1
ortho,0,1,0%,1
ortho specialist near me,0,1,0%,1
orthopaedics near me,0,1,0%,1
orthopedic for wrist pain,0,1,0%,1
orthopedic knee,0,1,0%,1
what are the different grades,0,1,0%,1
advanced recovery,0,1,0%,2
best bone doctor near me,0,1,0%,2
bone docto,0,1,0%,2
bone doctor what we call,0,1,0%,2
dr nirav modi,0,1,0%,2
elbow specialist near me,0,1,0%,2
good orthopedic doctor near me,0,1,0%,2
nihar nihar,0,1,0%,2
orthopaedics,0,1,0%,2
αρνητικο,0,1,0%,2
are there any negative reviews about him,0,1,0%,3
neehar modi,0,1,0%,3
nihar modi md,0,1,0%,3
nilesh modi,0,1,0%,3
orthopedic doctor near me within 800m,0,1,0%,3
grades of meniscus tear,0,1,0%,4
interior ankle sprain,0,1,0%,4
md in orthopedics,0,1,0%,4
modi ka age,0,1,0%,4
modi visit in mumbai,0,1,0%,4
best doctor for frozen shoulder near me,0,1,0%,5
hand and wrist surgeon near me,0,1,0%,5
shoulder arthroscopy,0,1,0%,5
anterior superior hip labral tear,0,1,0%,6
sholder operation,0,1,0%,6
sports orthopedic doctor mumbai,0,1,0%,6
child orthopedic doctor near me,0,1,0%,7
modi care near me,0,1,0%,7
modi hospital,0,1,0%,7
nirab modi,0,1,0%,7
orthopedic santa cruz,0,1,0%,7
wrist dislocation,0,1,0%,7
dr near me,0,1,0%,8
dr orthopedic near me,0,1,0%,8
fadir test positive meaning,0,1,0%,8
orthopedic doctor clinic near me,0,1,0%,8
wrist sprain support,0,1,0%,8
deep in the groin,0,1,0%,9
hand plaster near me,0,1,0%,9
orthopedic near ne,0,1,0%,9
ruptured acl symptoms,0,1,0%,9
acl tear how does it happen,0,1,0%,10
best rated orthopedic doctor near me,0,1,0%,10
orthologist doctor near me,0,1,0%,10
foot orthopedic doctor near me,0,1,0%,11
female orthopedic doctor near me,0,1,0%,12
hand and wrist specialist near me,0,1,0%,12
orthopaedics book,0,1,0%,12
shoulder pain doctor specialist,0,1,0%,13
ankle sprain grading,0,1,0%,14
orthopedic doctor consultation,0,1,0%,14
sports injury doctor near me,0,1,0%,15
fai hip test,0,1,0%,20
orthopedic doctor bandra east,0,1,0%,21
top rated orthopedic doctor near me,0,1,0%,23
total knee replacement doctors near me,0,1,0%,24
general physician near me open now,0,1,0%,28
non-surgical shoulder treatment cleveland,0,1,0%,29
shoulder specialist mumbai,0,1,0%,30
non-surgical shoulder tendonitis treatment,0,1,0%,33
torn acl symptoms test,0,1,0%,33
acl injury diagnosis,0,1,0%,34
shoulder joint pain treatment without surgery,0,1,0%,35
best orthopedic surgeon mumbai,0,1,0%,36
lilavati hospital orthopedic doctor,0,1,0%,36
orthopedics near me,0,1,0%,37
affordable shoulder pain treatment,0,1,0%,38
ortho clinic near me,0,1,0%,38
alternative to shoulder surgery,0,1,0%,61
orthopedic surgeon in dadar,0,1,0%,69